      *    27-DEC-94 11:43 AM                                           00000010
           MOVE NAC-COD-OFIC IN NAC TO NAC-COD-OFIC IN SRT.             00000020
           MOVE NAC-COD-COOC IN NAC TO NAC-COD-COOC IN SRT.             00000030
           MOVE NAC-CAI-IOPC IN NAC TO NAC-CAI-IOPC IN SRT.             00000040
           MOVE NAC-IIC-IOPC IN NAC TO NAC-IIC-IOPC IN SRT.             00000050
           MOVE NAC-COD-CCTE IN NAC TO NAC-COD-CCTE IN SRT.             00000060
           MOVE NAC-VAL-CAPI IN NAC TO NAC-VAL-CAPI IN SRT.             00000070
           MOVE NAC-COD-ABON IN NAC TO NAC-COD-ABON IN SRT.             00000080
           MOVE NAC-SGV-LIQU IN NAC TO NAC-SGV-LIQU IN SRT.             00000090
           MOVE NAC-GLS-MONE IN NAC TO NAC-GLS-MONE IN SRT.             00000100
