AUX-IND-NVRT                    SON                                                                                                                           
AUX-IND-PCDR                    INDPCDR                         COLAUX                                                                                        
AUX-IND-PCTB                    INDPCTB                         COLAUX                                                                                        
AUX-IND-VIGE                    INDVIGE                         COLAUX                                                                                        
CAN-COD-ATRN                    CODUSER                         COLCAN                                                                                        
CAN-COD-OFCA                    CODOFIC                         COLCAN                                                                                        
CAN-COD-RCAN                    CODEJEC                         TABCAN                                                                                        
CAN-MSC-CANC                    MSCCANC                         COLCAN                    VALCOD          BUSTAB                                              
CCB-COD-ATRN                    CODUSER                         COLCCB                                                                                        
CCB-COD-RCCB                    CODUSER                         COLCCB                                                                                        
CCB-IND-SCBA                    INDSCBZ                         COLCCB                                                                                        
CCB-IND-SCBZ                    INDSCBZ                         COLCCB                                                                                        
CCB-MSC-STAT                    CCBSTAT                         COLCCB                                                                                        
CCR-COD-ATRN                    CODUSER                         COLCCR                                                                                        
CCR-COD-RCCR                    CODUSER                         COLCCR                                                                                        
CCR-IND-SCRA                    INDSCRT                         COLCCR                                                                                        
CCR-IND-SCRT                    INDSCRT                         COLCCR                                                                                        
CCT-COD-ATRN                    CODUSER                         COLCCT                                                                                        
CCT-COD-RCCT                    CODUSER                         COLCCT                                                                                        
CCT-IND-ACEL                    INDVIGE                         COLCCT                                                                                        
CCT-IND-SCTA                    INDSCTB                         COLCCT                                                                                        
CCT-IND-SCTB                    INDSCTB                                                                                                                       
CEN-IND-IND1                    INDESTD                         COLCEX                                                                                        
CLI-COD-CIUD                    CODCIUD                         COLCLI                                                                                        
CNC-IND-VIGE                    INDVIGE                         COLCNC                                                                                        
CNC-MSC-ECAN                    MSCCCAN                         COLCNC                                                                                        
CNC-MSC-FCAN                    MSCFCAN                         COLCNC                                                                                        
CNC-MSC-TCAN                    MSCTCAN                         COLCNC                                                                                        
COM-COD-TINT                    CODTCOM                                                                                                                       
CPP-COD-COOC                    CODCOOC                         COLCPP                                                                                        
CPP-COD-MVTO                    CODMVTO                         COLCPP                                                                                        
CPP-COD-TOOC                    CODTOOC                         TABCPP                                                                                        
CPP-COD-VCOC                    CODVCOC                         COLCPP                                                                                        
CPP-IND-DBHB                    INDDBHB                         COLCPP                                                                                        
CPP-IND-SCRT                    INDSCRT                         COLCPP                                                                                        
CPP-IND-SCTB                    INDSCTB                         COLCPP                                                                                        
CPP-IND-TALG                    INDTALG                         COLCPP                                                                                        
CPP-MSC-TCCT                    MSCTCCT                         COLCPP                                                                                        
CTP-COD-AOOC                    CODAOOC                         COLPOC                                                                                        
CTP-COD-COOC                    CODCOOC                         COLPOC                                                                                        
CTP-COD-VCOC                    CODVCOC                         TABTAB                    VALCOD          BUSTAB                                              
CTT-IND-SCTB                    INDSCTB                                                                                                                       
CUF-COD-ATRN                    CODUSER                         COLCUF                                                                                        
CUF-COD-RCUF                    CODUSER                         COLCUF                                                                                        
CUF-COD-UBFD                    CODUBFD                         COLCUF                                                                                        
CUF-COD-UFAD                    CODUBFD                         COLCUF                                                                                        
CUF-MSC-STAT                    CUFSTAT                         COLCUF                                                                                        
CVC-IND-VIGE                    INDVIGE                         COLCVC                                                                                        
CVC-MSC-BCCR                    MSCBCCR                         COLCVC                                                                                        
CVC-MSC-VICR                    MSCVICR                         COLCVC                                                                                        
CVG-MSC-STAT                    INDVIGE                         COLCVG                                                                                        
CYA-IND-TCYA                    MSCTCYA                         COLCYA                                                                                        
DBC-COD-EJEC                    CODEJEC                         SGCDBC                                                                                        
DCC-COD-COCR                    CODCOCR                         COLDCC                                                                                        
DCC-COD-GARA                    MSCTGAR                         COLDCC                                                                                        
DCC-COD-PLZO                    CODPLZO                         COLDCC                                                                                        
DCC-COD-TOCR                    CODTIOP                         COLDCC                                                                                        
DCC-COD-VCAM                    CODVCAM                         COLDCC                                                                                        
DCC-IND-CCST                    INDCCST                                                                                                                       
DCC-IND-SCBZ                    INDSCBZ                         COLDCC                                                                                        
DCC-IND-SCRT                    INDSCRT                         COLDCC                                                                                        
DCC-IND-SCTB                    INDSCTB                         COLDCC                                                                                        
DCC-IND-VIGE                    INDVIGE                         COLDCC                                                                                        
DCC-MSC-TCCT                    MSCTCCT                         COLDCC                                                                                        
DIR-COD-CIUD                    CODCIUD                                                                                                                       
DIR-COD-COMU                    CODCOMU                                                                                                                       
DLC-COD-DTCA                    CODDTCA                         COLDLC                                                                                        
DLC-COD-NOTC                    CODNOTC                         COLDLC                                                                                        
DLC-COD-PLZA                    CODPLZA                         COLDLC                                                                                        
DLC-COD-PLZO                    CODPLZO                         COLDLC                                                                                        
DLC-COD-SUSP                    CODSUSP                         COLDLC                                                                                        
DLC-COD-TDOC                    CODTDOC                         COLDLC                                                                                        
DLC-COD-VTIT                    CODVALI                         COLDLC                                                                                        
DLC-IND-HPER                    INDHPER                         COLTAB                    VALCOD          BUSTAB                                              
DLC-IND-NPAG                    INDNPAG                         GNSTAB                    VALCOD          BUSTAB                                              
DLC-IND-PORD                    SON                             COLDLC                                                                                        
DLC-IND-RIES                    INDRIES                         COLDLC                                                                                        
DLC-IND-SCBZ                    INDSCBZ                         COLDLC                                                                                        
DLC-IND-SCRT                    INDSCRT                         COLDLC                                                                                        
DLC-IND-SCTB                    INDSCTB                                                                                                                       
DLC-MSC-MIPL                    MSCMIPL                         COLDLC                                                                                        
DLC-MSC-TCVE                    MSCTCVE                         COLDLC                                                                                        
DLC-MSC-TIMP                    MSCTIMP                         COLDLC                                                                                        
DM2_COD_COMU                    CODCOMU                                                                                                                       
DYC-COD-CNDC                    CODCNDC                         COLDYC                                                                                        
DYC-COD-TCDC                    MSCTIMP                         COLDYC                                                                                        
DYC-COD-VCOC                    CODVCOC                         COLDYC                                                                                        
EFE-COD-VEFE                    CODOFIC                         SGCEFE                                                                                        
EJC-COD-ATRI                    CODATRI                         COLEJC                                                                                        
EJC-COD-EJEC                    CODUSER                         COLEJC                                                                                        
EJC-COD-VCAM                    CODVCAM                         COLEJC                                                                                        
ESC-COD-NOTC                    CODNOTC                         TABNOT                                                                                        
EST-COD-AFIL                    CODAFIL                         COLEST                                                                                        
EST-MSC-STAT                    INDVIGE                         COLEST                                                                                        
EVC-IND-CAUT                    INDCAUT                                                                                                                       
EVC-IND-FVAR                    INDFVAR                         COLEVC                                                                                        
EVC-IND-UTDV                    INDIPER                         COLEVC                                                                                        
EVC-IND-UTPV                    INDIPER                         COLEVC                                                                                        
EVC-IND-UTSV                    INDIPER                         COLEVC                                                                                        
EVC-MSC-TCVE                    MSCTCVE                         COLEVC                                                                                        
FIA-COD-ABOA                    CODABOG                         TABABG                                                                                        
FIA-COD-AUT                     CODRAUT                                                   VALUSR          BUSUSR                                              
FIA-COD-VCLF                    CODVCLF                         TABVLR                                                                                        
FRM-COD-CNPP                    CODCNPP                         COLRNP                    VALTAB          BUSTAB                                              
FRM-COD-EVEN                    CODEVEN                         COL                                                                                           
FRM-COD-OFOC                    CODOFIC                                                                                                                       
FRM-COD-TOPR                    CODTOCR                         COLTOE                                                                                        
FRM-COD-VCOP                    CODVCOC                         COLTOE                                                                                        
FRM-GLS-CNPP                    COLCNPP                         COLFRM                                                                                        
FRM-GLS-SCBA                    INDSCBZ                         COLCCB                                                                                        
FRM-GLS-SCBZ                    INDSCBZ                         COLCCB                                                                                        
FRM-GLS-SCRA                    INDSCRT                         COLCCR                                                                                        
FRM-GLS-SCRT                    INDSCRT                         COLCCR                                                                                        
FRM-GLS-SCTA                    INDSCTB                         COLCCB                                                                                        
FRM-IND-IEVC                    INDIEVC                                                                                                                       
FRM-IND-TDEU                    INDTDEU                         COLFRM                                                                                        
FRM-IND-UTDV                    INDUTDV                                                                                                                       
FRM-IND-UTPV                    INDUTPV                                                                                                                       
FRM-MSC-PRU                     CODVENP                                                                                                                       
ICG-COD-CCTC                    CCTC                            COLICG                                                                                        
ICG-COD-TINT                    CODTINT                         COLICG                                                                                        
ICG-IND-TTAS                    INDTTAS                         COLICG                                                                                        
ICG-IND-UTPR                    INDIPER                         COLICG                                                                                        
ICG-MSC-BCTI                    MSCBCTI                         COLICG                                                                                        
ICG-MSC-BPBT                    MSCMCTI                         COLICG                                                                                        
ICG-MSC-PBTI                    MSCPBTI                         COLICG                                                                                        
ICG-MSC-PCTI                    MSCPCTI                         COLICG                                                                                        
ICG-MSC-SPBT                    MSCMCTI                         COLICG                                                                                        
ICG-MSC-STAT                    MSCSTAT                         COLICG                                                                                        
ICG-MSC-TFPR                    MSCTFPR                         COLICG                                                                                        
ICG-MSC-TPTI                    MSCTPTI                         COLICG                                                                                        
ICG-MSC-UTPR                    MSCIPER                         COLICG                                                                                        
IGA-COD-TIGA                    CODTIGA                                                                                                                       
IMP-COD-BCAL                    CODBCAL                                                                                                                       
IMP-COD-CATE                    CODCATE                         COLIMP                                                                                        
IMP-COD-MCAL                    CODMCAL                         COLIMP                                                                                        
IMP-COD-PLZO                    CODPLZO                         COLIMP                                                                                        
IMP-COD-PRVC                    CODPRVC                         COLIMP                                                                                        
IMP-COD-TASA                    CODTASA                                                                                                                       
IMP-COD-TDOC                    CODTDOC                         COLIMP                                                                                        
IMP-COD-TOCR                    CODTOCR                         COLIMP                                                                                        
IMP-IND-PTAS                    INDPTAS                         COLIMP                                                                                        
IMP-IND-TRU2                    INDVIGE                         COLIMP                                                                                        
IMP-IND-VIGE                    INDVIGE                         COLIMP                                                                                        
IMP-MSC-TIMP                    MSCTIMP                         COLIMP                                                                                        
INT-COD-TINT                    CODTINT                         COLICG                                                                                        
INT-IND-UTPR                    INDUTPR                         COLAUX                                                                                        
INT-IND-VIGE                    INDVIGE                         COLINT                                                                                        
INT-MSC-BCTI                    MSCBCTI                         COLINT                                                                                        
INT-MSC-BPBT                    MSCMCTI                         COLINT                                                                                        
INT-MSC-PBTI                    MSCPBTI                         COLINT                                                                                        
INT-MSC-PCTI                    MSCPCTI                         COLINT                                                                                        
INT-MSC-SPBT                    MSCMCTI                         COLINT                                                                                        
INT-MSC-TFPR                    MSCTFPR                         COLINT                                                                                        
INT-MSC-TPTI                    MSCTPTI                         COLINT                                                                                        
IPT-COD-CPTO                    TABCNP                          COL                                                                                           
IPT-COD-EVEN                    TABEPT                          COL                                                                                           
IPT-COD-IEMI                    TABIVB                          TAB                                                                                           
IPT-COD-TIPO                    TABTEA                          COL                                                                                           
IPT-IND-REAJ                    TABREA                          COL                       VAL-COD         BUS-TAB                                             
IPT-MSC-STAT                    TABSPT                          COL                                                                                           
ITR-COD-TINT                    CODTINT                                                                                                                       
ITR-MSC-PCTI                    MSCPCTI                         COLITR                                                                                        
LDA-COD-EST                     CODEST                                                                                                                        
LDA-COD-OFI                     CODOFIC                                                                                                                       
MIP-COD-CCTC                    CCTC                            COLMIP                                                                                        
MIP-COD-TOOC                    CODTOOC                         COLMIP                                                                                        
MIP-COD-VCOC                    CODVCOC                         COLMIP                                                                                        
MIP-IND-UTPR                    MSCIDMA                         COLMIP                                                                                        
MIP-MSC-BCTI                    MSCBCTI                         COLMIP                                                                                        
MIP-MSC-BPBT                    MSCMCTI                         COLMIP                                                                                        
MIP-MSC-PBTI                    MSCPBTI                         COLMIP                                                                                        
MIP-MSC-PPER                    MSCIDMA                         COLMIP                                                                                        
MIP-MSC-SPBT                    MSCMCTI                         COLMIP                                                                                        
MIP-MSC-TFPR                    MSCTFPR                         COLMIP                                                                                        
MOR-COD-OFI                     CODOFIC                                                                                                                       
MTI-FLD-ABV-FRM-COD-AOOC-01     Codigo auxiliar                                                                                                               
MTI-FLD-ABV-FRM-COD-TOOC-01     Tipo Operacion                                                                                                                
MTI-FLD-ABV-FRM-COD-VCOC-01     Codigo Moneda                                                                                                                 
MTI-FLD-ABV-FRM-GLS-AOOC-01     Glosa C.Auxiliar                                                                                                              
MTI-FLD-ABV-FRM-GLS-ICLI-01     Cliente GLS                                                                                                                   
MTI-FLD-ABV-FRM-GLS-NOMC-01     Nombre Cliente                                                                                                                
MTI-FLD-ABV-FRM-GLS-NOME-01     G.Eje. Autoriza                                                                                                               
MTI-FLD-ABV-FRM-GLS-TAUT-01     Glosa T.Autoriz.                                                                                                              
MTI-FLD-ABV-FRM-GLS-TOOC-01     Glosa Tio                                                                                                                     
MTI-FLD-ABV-FRM-GLS-VCO2-01     Valor en                                                                                                                      
MTI-FLD-ABV-FRM-GLS-VCOC-01     Glosa Moneda                                                                                                                  
MTI-FLD-ABV-FRM-IND-ICLI-01     Cliente IND                                                                                                                   
MTI-FLD-ABV-FRM-NUM-ICLI-01     Cliente NRUT                                                                                                                  
MTI-FLD-ABV-FRM-VAL-CRED-01     Monto Credito                                                                                                                 
MTI-FLD-ABV-FRM-VAL-DINT-01     Descuento Int.                                                                                                                
MTI-FLD-ABV-FRM-VAL-PLZO-01     Plazo Dias                                                                                                                    
MTI-FLD-ABV-FRM-VRF-ICLI-01     Cliente VRF                                                                                                                   
MTI-FLD-ABV-OIA-CAI-IOPC-01     Nro.Operac(CAI)                                                                                                               
MTI-FLD-ABV-OIA-CAI-IOPC-02     Java                                                                                                                          
MTI-FLD-ABV-OIA-COD-OLIQ-01     Tipo Autoriz.                                                                                                                 
MTI-FLD-ABV-OIA-COD-UAPR-01     Ejec. Autoriza                                                                                                                
MTI-FLD-ABV-OIA-FEC-FAPR-01     Fec Autorizac.                                                                                                                
MTI-FLD-ABV-OIA-FEC-FLIQ-01     Fecha Liquid.                                                                                                                 
MTI-FLD-ABV-OIA-HRA-HAPR-01     Hora Autorizac.                                                                                                               
MTI-FLD-ABV-OIA-IIC-IOPC-01     Nro.Operac(IIC)                                                                                                               
MTI-FLD-BCR-CYA-CAI-IOPC-01     Nro.Operac(CAI)                                                                                                               
MTI-FLD-BCR-CYA-COD-CIVB-01     Institucion                                                                                                                   
MTI-FLD-BCR-CYA-COD-OFIC-01     Oficina                                                                                                                       
MTI-FLD-BCR-CYA-IIC-IOPC-01     Nro.Opera(IIC)                                                                                                                
MTI-FLD-BCR-FRM-GLS-CIVB-01     Glosa Instituc.                                                                                                               
MTI-FLD-BCR-FRM-GLS-OFIC-01     Glosa Oficina                                                                                                                 
MTI-FLD-CEX-CEN-CAI-IENT-01     Nro.Operac(CAI)                                                                                                               
MTI-FLD-CEX-CEN-FEC-FFE1-01     Fec.Max.Docu                                                                                                                  
MTI-FLD-CEX-CEN-IIC-IENT-01     Nro.Operac(IIC)                                                                                                               
MTI-FLD-CEX-CEN-IND-IND1-01     Est.Docto.                                                                                                                    
MTI-FLD-CEX-CEN-SGV-VAL1-01     Mto.Acordado                                                                                                                  
MTI-FLD-CEX-FRM-COD-VCOC-01     Tipo Moneda                                                                                                                   
MTI-FLD-CEX-FRM-GLS-IND1-01     Glosa Estado                                                                                                                  
MTI-FLD-CEX-FRM-GLS-TAUX-01     Descripcion                                                                                                                   
MTI-FLD-CEX-FRM-GLS-VCOC-01     Desc.Tipo.Mon                                                                                                                 
MTI-FLD-ISW-CYA-CAI-IOPC-01     Nro.Opera(CAI)                                                                                                                
MTI-FLD-ISW-CYA-CIC-ICYA-01     Nro.Cuenta(CIC)                                                                                                               
MTI-FLD-ISW-CYA-COD-CIVB-01     Banco                                                                                                                         
MTI-FLD-ISW-CYA-COD-OFIC-01     Sucursal                                                                                                                      
MTI-FLD-ISW-CYA-FIL-ICYA-01     Nro.Cuenta(FIL)                                                                                                               
MTI-FLD-ISW-CYA-GLS-DISP-01     Codigo Swift                                                                                                                  
MTI-FLD-ISW-CYA-IIC-IOPC-01     Nro.Opera(IIC)                                                                                                                
MTI-FLD-ISW-CYA-NUM-ICYA-01     Nro.Abono                                                                                                                     
MTI-FLD-ISW-CYA-SGV-LIQU-01     Monto Abono                                                                                                                   
MTI-FLD-ISW-FRM-GLS-CIVB-01     Glosa Banco                                                                                                                   
MTI-FLD-ISW-FRM-GLS-LIQU-01     Glo.Mto.Abono                                                                                                                 
MTI-FLD-ISW-FRM-GLS-OFIC-01     Glosa Sucursal                                                                                                                
MTI-FLD-VME-CAN-CAI-IOPC-01     Nro.Opera(CAI)                                                                                                                
MTI-FLD-VME-CAN-IIC-IOPC-01     Nro.Opera(IIC)                                                                                                                
MTI-FLD-VME-CAN-NUM-ICAN-01     Nro.Cancelacion                                                                                                               
MTI-FLD-VME-FRM-COD-VCOC-01     Tipo Moneda                                                                                                                   
MTI-FLD-VME-FRM-GLS-TAUX-01     Tipo Operacion                                                                                                                
MTI-FLD-VME-FRM-GLS-VCOC-01     Glosa Moneda                                                                                                                  
MTI-FLD-VME-FRM-IND-CAMB-01     Exis.Val.Cambio                                                                                                               
MTI-FLD-VME-FRM-VAL-CAMB-01     Valor de Cambio                                                                                                               
MTI-FLD-VME-FRM-VAL-MMEX-01     Mto.Mon.Extran                                                                                                                
MTI-FLD-VME-FRM-VAL-MPES-01     Monto en Pesos                                                                                                                
NTR-COD-NOTA                    CODNOTA                         COLNTR                                                                                        
NTR-COD-OFIC                    CODOFIC                         COLNTR                                                                                        
NTR-COD-TDOC                    CODTDOC                         COLNTR                                                                                        
NTR-IND-RETE                    SON                             COLNTR                                                                                        
NTR-IND-VIGE                    INDVIGE                         COLNTR                                                                                        
OFI-COD-OFIC                    CODOFIC                         COLOFI                                                                                        
OPC-COD-AGES                    VALGES                          COLOPC                    VALCOD          BUSTAB                                              
OPC-COD-CATE                    CODCATE                         COLOPC                                                                                        
OPC-COD-CDOC                    CODCDOC                         COLOPC                                                                                        
OPC-COD-COOC                    CODCOOC                                                                                                                       
OPC-COD-CVTA                    CODCVTA                         COLOPC                                                                                        
OPC-COD-INSI                    CODINSI                         COLOPC                                                                                        
OPC-COD-OFOC                    CODOFIC                         COLOPC                                                                                        
OPC-COD-OFOP                    CODOFIC                         COLOPC                                                                                        
OPC-COD-RMOC                    CODEJEC                         COLOPC                    VALCOD          BUSTAB                                              
OPC-COD-ROOC                    CODROOC                         COLOPC                                                                                        
OPC-COD-SEGC                    CODSEGD                         COLOPC                                                                                        
OPC-COD-SEGD                    CODSEGD                         COLOPC                                                                                        
OPC-COD-TCOM                    VALTCOM                         COLOPC                                                                                        
OPC-COD-TOOC                    CODTIOP                                                                                                                       
OPC-COD-VCOC                    CODVCOC                                                                                                                       
OPC-COD-VCOP                    CODVCAM                         COLCTC                                                                                        
OPC-COS-RMOC                    CODEJEC                         COLOPC                                                                                        
OPC-IND-AFER                    INDAFER                         COLOPC                                                                                        
OPC-IND-GARA                    MSCGARA                         COLOPC                                                                                        
OPC-IND-PORC                    SON                             COLOPC                                                                                        
OPC-IND-RENO                    INDRENO                         COLOPC                                                                                        
OPC-IND-VSTR                    INDIEVC                         COLOPC                    VALIND                                                              
OPC-MSC-MCVF                    MSCMCVF                         COLOPC                                                                                        
OPC-MSC-STAT                    MSCSTAT                                                                                                                       
OPC-MSC-TCVE                    MSCTCVE                         COLOPC                                                                                        
OPC-MSC-TGAR                    MSCTGAR                         COLOPC                                                                                        
OPC-MSC-TVOC                    MSCTVAL                                                                                                                       
PCG-COD-ATRN                    CODUSER                         COLPCG                                                                                        
PCG-COD-OFOC                    CODOFIC                         COLPCG                                                                                        
PCG-COD-TOOC                    CODTOOC                         COLPCG                                                                                        
PCG-COD-VCOC                    CODVCOC                         COLPCG                                                                                        
PCG-MSC-STAT                    INDVIGE                         COLPCG                                                                                        
PCP-COD-COMI                    CODCOMI                         COLPCP                                                                                        
PCP-COD-CONC                    CODCONC                         COLPCP                                                                                        
PCP-COD-EVEN                    CODMVTO                         COLPCP                                                                                        
PCP-COD-OFIC                    CODOFIC                         COLPCP                                                                                        
PCP-IND-PCOM                    INDIPER                         COLPCP                                                                                        
PCP-IND-SCTB                    INDSCTB                         COLPCP                                                                                        
PCP-IND-VIGE                    INDVIGE                         COLPCP                                                                                        
PCP-MSC-STAT                    INDVIGE                         COLPCP                                                                                        
PGP-COD-CONC                    CODCONC                         COLPGP                                                                                        
PGP-COD-EVEN                    CODMVTO                         COLPGP                                                                                        
PGP-COD-GSTO                    CODGSTO                         COLPGP                                                                                        
PGP-COD-OFIC                    CODOFIC                         COLPGP                                                                                        
PGP-IND-MTOP                    INDMTOP                         COLPGP                                                                                        
PGP-IND-SCTB                    INDSCTB                         COLPGP                                                                                        
PGP-IND-VIGE                    SON                             COLPGP                                                                                        
PIP-COD-CONC                    CODCONC                         COLPIP                                                                                        
PIP-COD-EVEN                    CODMVTO                         COLPIP                                                                                        
PIP-COD-IMPU                    CODIMPU                         COLPIP                                                                                        
PIP-COD-OFIC                    CODOFIC                         COLPIP                                                                                        
PIP-COD-SUBC                    CODDCON                         COLPIP                                                                                        
PIP-IND-INCL                    SON                             COLPIP                                                                                        
PIP-IND-VIGE                    INDVIGE                         COLPIP                                                                                        
PLS-COD-BCIA                    CODBCIA                                                                                                                       
PLS-COD-BCSG                    CODBCSG                                                                                                                       
PLS-COD-CIVA                    CODCIVA                                                                                                                       
PLS-COD-CJUR                    CODCOMU                                                                                                                       
PLS-COD-FCSG                    CODFCSG                         COLPLS                                                                                        
PLS-COD-ISEG                    CODISEG                                                                                                                       
PLS-COD-MOED                    CODMOED                                                                                                                       
PLS-COD-TCON                    CODTCON                                                                                                                       
PLS-COD-TOOC                    CODTOOC                         COLPLS                                                                                        
PLS-COD-TSEG                    CODTSEG                                                                                                                       
PLS-COD-VCOC                    CODVCOC                         COLPLS                                                                                        
POC-COD-ACTI                    CODACTI                         COLPOC                                                                                        
POC-COD-CCTC                    CODCCTC                         COLPOC                                                                                        
POC-COD-CDOC                    CODCDOC                         COLPOC                                                                                        
POC-COD-CIRC                    INDTCCT                         COLPOC                    VALCOD          BUSTAB                                              
POC-COD-COTO                    CODCOTO                         COLPOC                                                                                        
POC-COD-DTCA                    MSCDTCA                         COLPOC                                                                                        
POC-COD-MLIM                    CODVCOC                         COLPOC                                                                                        
POC-COD-MORA                    VALMORA                         COLPOC                    VALCOD          BUSTAB                                              
POC-COD-NAPR                    CODNAPR                         COLPOC                                                                                        
POC-COD-NCUR                    CODNCUR                         COLPOC                                                                                        
POC-COD-PCBZ                    INDSCBZ                         COLPOC                                                                                        
POC-COD-SCBJ                    INDSCBZ                         COLPOC                                                                                        
POC-COD-SEGC                    CODSEGD                         COLPOC                                                                                        
POC-COD-SEGD                    CODSEGD                         COLPOC                    VALCOD          BUSTAB                                              
POC-COD-SEGP                    CODSEGD                         COLOPC                                                                                        
POC-COD-SEGV                    CODSEGV                         COLPOC                                                                                        
POC-COD-TCOM                    CODTCOM                         COLPOC                                                                                        
POC-COD-TDOC                    CODTDOC                         COLPOC                                                                                        
POC-COD-TFVT                    VARIFEC                         COLPOC                    VALCOD          BUSTAB                                              
POC-COD-TOOC                    CODTOOC                         COLPOC                                                                                        
POC-COD-TPAG                    CODTPAG                         COLPOC                                                                                        
POC-COD-VCOC                    CODVCOC                         COLPOC                                                                                        
POC-IND-AFER                    INDAFER                         COLPOC                                                                                        
POC-IND-AOTC                    SON                             COLPOC                                                                                        
POC-IND-AVAL                    INDVIGE                         COLPOC                                                                                        
POC-IND-CAUT                    INDVIGE                         COLPOC                                                                                        
POC-IND-CPRJ                    INDVIGE                         COLPOC                                                                                        
POC-IND-ECDC                    INDECDC                         COLPOC                                                                                        
POC-IND-ENBO                    INDENBO                                                                                                                       
POC-IND-GARA                    INDGARA                         COLPOC                                                                                        
POC-IND-LIQC                    INDVIGE                         COLPOC                                                                                        
POC-IND-LIQI                    INDVIGE                         COLPOC                                                                                        
POC-IND-MAXC                    INDIPER                         COLPOC                                                                                        
POC-IND-MAXI                    INDIPER                         COLPOC                                                                                        
POC-IND-MINC                    INDIPER                         COLPOC                                                                                        
POC-IND-MINI                    INDIPER                         COLPOC                                                                                        
POC-IND-MTIC                    INDMTIC                                                                                                                       
POC-IND-PCCO                    VALPCOM                         COLPOC                                         B                                              
POC-IND-PMAX                    INDIPER                         COLPOC                                                                                        
POC-IND-PMIN                    INDIPER                         COLPOC                                                                                        
POC-IND-PORC                    SON                             COLPOC                                                                                        
POC-IND-PORD                    SON                             COLPOC                                                                                        
POC-IND-PPER                    MSCUTPR                         COLPOC                                                                                        
POC-IND-RENO                    INDRENO                         COLPOC                                                                                        
POC-IND-SCTB                    INDSCTB                         COLPOC                                                                                        
POC-IND-TABO                    INDTABO                         COLPOC                                                                                        
POC-IND-TCCE                    CODICC                          COLICC                    VALCOD          BUSTAB                                              
POC-IND-TCNE                    INDVIGE                         COLPOC                                                                                        
POC-IND-TICE                    INDVIGE                         COLPOC                                                                                        
POC-IND-TINE                    INDVIGE                         COLPOC                                                                                        
POC-MSC-BCTI                    MSCBCTI                         COLPOC                                                                                        
POC-MSC-BPBT                    MSCMCTI                         COLPOC                                                                                        
POC-MSC-MCVF                    MSCMCVF                         COLPOC                                                                                        
POC-MSC-MIPL                    MSCMIPL                         COLPOC                                                                                        
POC-MSC-PBTI                    MSCPBTI                         COLPOC                                                                                        
POC-MSC-PCTI                    MSCPCTI                         COLPOC                                                                                        
POC-MSC-SPBT                    MSCMCTI                         COLPOC                                                                                        
POC-MSC-STAT                    INDVIGE                         COLPOC                                                                                        
POC-MSC-TCVE                    MSCTCVE                         COLPOC                                                                                        
POC-MSC-TFPR                    MSCTFPR                         COLPOC                                                                                        
POC-MSC-TPTI                    MSCTPTI                         COLPOC                                                                                        
POC-MSC-UTPR                    MSCUTPR                         COLPOC                                                                                        
POF-COD-ATRN                    CODUSER                         COLPOF                                                                                        
POF-COD-OFCT                    CODOFIC                         COLPOF                                                                                        
POF-COD-OFOC                    CODOFIC                         COLPOF                                                                                        
POF-COD-OFOP                    CODOFIC                         COLPOF                                                                                        
POF-COD-TOOC                    CODTIOP                         COLPOF                                                                                        
PRB-COD-NOFI                    CODOFIC                         COLPRB                                                                                        
PRU-COD-OFIC                    CODOFIC                         COLPRU                                                                                        
PRU-MSC-SEXO                    MSCSEXO                         COLPRU                                                                                        
PSM-COD-AOOC                    CODAOOC                         COLPSM                                                                                        
PSM-COD-CLCM                    CODCLCM                         COLPSM                                                                                        
PSM-COD-OFOC                    CODOFIC                         COLPSM                                                                                        
PSM-COD-TBAN                    CODTBAN                         COLPSM                                                                                        
PSM-COD-TOOC                    COTOOC                          COLPSM                                                                                        
PSM-COD-VCOC                    CODVCOC                         COLPSM                                                                                        
PSM-MSC-STAT                    INDVIGE                         COLPSM                                                                                        
PTA-COD-CCTC                    MSCCCTC                         COLPTA                                                                                        
PTA-MSC-CCTC                    MSCCCTC                         COLPTA                                                                                        
PTA-MSC-PPER                    MSCIDMA                         COLPTA                                                                                        
PTA-MSC-TFPR                    MSCTFPR                         COLPTA                                                                                        
PTA-MSC-UTPR                    MSCIDMA                         COLPTA                                                                                        
PTA_COD_ATRN                    CODVCAM                                                                                                                       
PTC-COD-ATRN                    CODUSER                         COLPTC                                                                                        
PTC-COD-OFCT                    CODOFIC                         COLPTC                                                                                        
PTC-COD-OFOC                    CODOFIC                         COLPTC                                                                                        
PTC-COD-OFOP                    CODOFIC                         COLPTC                                                                                        
PTC-COD-TOOC                    CODTIOP                         COLPTC                                                                                        
PTC-COD-VCOC                    CODVCOC                         COLPTC                                                                                        
PTC-IND-PCMT                    MSCFVAR                         COLPTC                                                                                        
PTC-MSC-BCTI                    MSCBCTI                         COLPTC                                                                                        
PTC-MSC-BPBT                    MSCMCTI                         COLPTC                                                                                        
PTC-MSC-PBTI                    MSCPBTI                         COLPTC                                                                                        
PTC-MSC-SPBT                    MSCMCTI                         COLPTC                                                                                        
PTC-MSC-STAT                    INDVIGE                         COLPTC                                                                                        
PTC-MSC-TFPR                    MSCTFPR                         COLPTC                                                                                        
PTC-MSC-UTPR                    MSCUTPR                         COLPTC                                                                                        
PTG-COD-ATRN                    CODUSER                         COLPTG                                                                                        
PTG-COD-OFOC                    CODOFIC                         COLPTG                                                                                        
PTG-COD-TOOC                    CODTIOP                         COLPTG                                                                                        
PTG-MSC-STAT                    INDVIGE                         COLPTG                                                                                        
PTI-COD-ATRN                    CODUSER                         COLPTI                                                                                        
PTI-COD-OFCT                    CODOFIC                         COLPTI                                                                                        
PTI-COD-OFOC                    CODOFIC                         COLPTI                                                                                        
PTI-COD-TOOC                    CODTIOP                         COLPTI                                                                                        
PTI-COD-VCOC                    CODVCOC                         COLPTI                                                                                        
PTI-MSC-BCTI                    MSCBCTI                         COLPTI                                                                                        
PTI-MSC-BPBT                    MSCMCTI                         COLPTI                                                                                        
PTI-MSC-PBTI                    MSCPBTI                         COLPTI                                                                                        
PTI-MSC-SPBT                    MSCMCTI                         COLPTI                                                                                        
PTI-MSC-STAT                    INDVIGE                         COLPTI                                                                                        
PTI-MSC-TFPR                    MSCTFPR                         COLPTI                                                                                        
PTI-MSC-UTPR                    MSCUTPR                         COLPTI                                                                                        
PVC-COD-VCOC                    CODVCOC                         COLPVC                                                                                        
PVC-IND-CAUT                    INDVIGE                         COLPVC                                                                                        
PVC-IND-DVMA                    INDIPER                         COLPVC                                                                                        
PVC-IND-DVMI                    INDIPER                         COLPVC                                                                                        
PVC-IND-FCOR                    INDVIGE                         COLPVC                                                                                        
PVC-IND-MAPC                    INDIPER                         COLPVC                                                                                        
PVC-IND-MAPV                    INDIPER                         COLPVC                                                                                        
PVC-IND-MAVC                    INDIPER                         COLPVC                                                                                        
PVC-IND-MAVI                    INDIPER                         COLPVC                                                                                        
PVC-IND-MIPC                    INDIPER                         COLPVC                                                                                        
PVC-IND-MIPV                    INDIPER                         COLPVC                                                                                        
PVC-IND-MIVC                    INDIPER                         COLPVC                                                                                        
PVC-IND-MIVI                    INDIPER                         COLPVC                                                                                        
PVC-IND-PGMA                    INDIPER                         COLPVC                                                                                        
PVC-IND-PGRA                    INDVIGE                         COLPVC                                                                                        
PVC-IND-SGRP                    INDIPER                         COLPVC                                                                                        
PVC-IND-SPMA                    INDIPER                         COLPVC                                                                                        
PVC-IND-SPMI                    INDIPER                         COLPVC                                                                                        
PVC-IND-SVMA                    INDIPER                         COLPVC                                                                                        
PVC-IND-SVMI                    INDIPER                         COLPVC                                                                                        
PVC-IND-VCCI                    INDVIGE                         COLPVC                                                                                        
PVC-IND-VCIN                    INDVIGE                         COLPVC                                                                                        
PVC-MSC-TCVE                    MSCTCVE                         COLPVC                                                                                        
RCD-COD-COMU                    CODCOMU                                                                                                                       
RDC-COD-TRDC                    CODTRDC                                                                                                                       
RDT-IND-SCTB                    INDSCTB                         COLRDT                                                                                        
RFP-KEY-CDES                    CODCDOC                         COLRFP                                                                                        
RGC-COD-GARA                    BUSATRN                         COLRGC                                                                                        
RMC-COD-ICCS                    CODICCS                                                                                                                       
RMC-IND-EPOL                    INDEPOL                         COLRMC                                                                                        
RNP-COD-CNPP                    CODCNPP                         COLRNP                                                                                        
RPA-COD-TOOC                    CODTOOC                         COLRPA                                                                                        
RPA-COD-VCOC                    CODVCOC                         COLRPA                                                                                        
RPV-COD-TOOC                    CODTOOC                         COLRPV                                                                                        
RPV-COD-VCOC                    CODVCOC                         COLRPV                                                                                        
SEJ-COD-MOTE                    CODMOTE                         COLSEJ                    VALCOD          BUSTAB                                              
SGA-COD-SEGG                    CODSEGD                         COLSGA                    VALCOD          BUSTAB                                              
SGC-COD-OFIC                    CODOFIC                                                                                                                       
SGC_COD_COMU                    CDCOMUNA                                                                                                                      
TOC-COD-RECU                                                    COLTOC                                                                                        
TOC-COD-TOCR                    CODTOCR                         COLTOC                                                                                        
TOC-MSC-OPEC                    MSCOPEC                         COLTOC                                                                                        
TOC-MSC-STAT                    INDVIGE                         COLTOC                                                                                        
TOC-MSC-TCOL                    MSCTCOL                         COLTOC                                                                                        
USR-IND-VIGE                    INDVIGE                         TABUSR                                                                                        
VCT-COD-OFI                     CODOFIC                                                                                                                       
VEN-IND-CAUT                    INDCAUT                                                                                                                       
VEN-IND-SCBZ                    INDSCBZ                         COLVEN                                                                                        
VEN-IND-SCTB                    INDSCTB                                                                                                                       
